comparison,architecture_a,architecture_b,metric,n,mean_a,mean_b,mean_difference_a_minus_b,bootstrap_ci_low,bootstrap_ci_high,permutation_p_value,wilcoxon_p_value,cohens_dz,cliffs_delta,practically_meaningful,holm_adjusted_p_value,statistically_significant,conclusion
traditional_rag_vs_agentic_rag,traditional_rag,agentic_rag,overall_score,300,0.7886493446299437,0.7893882335188326,-0.0007388888888888852,-0.003080694444444437,0.0015583680555555557,0.5332466753324667,0.5474542589440645,-0.03661583282021352,-0.016666666666666666,False,1.0,False,not statistically significant
traditional_rag_vs_agentic_graph_rag,traditional_rag,agentic_graph_rag,overall_score,300,0.7886493446299437,0.7898854557410548,-0.0012361111111111045,-0.0036223958333333264,0.0011597569444444526,0.32116788321167883,0.47518091273478313,-0.057984627998421565,-0.07,False,0.9635036496350364,False,not statistically significant
agentic_rag_vs_agentic_graph_rag,agentic_rag,agentic_graph_rag,overall_score,300,0.7893882335188326,0.7898854557410548,-0.0004972222222222193,-0.0028499999999999936,0.0018597916666666687,0.6837316268373163,0.7938799414583086,-0.023816683582108065,0.043333333333333335,False,1.0,False,not statistically significant
