architecture,mean_context_precision,mean_context_recall,mean_context_relevancy,hit_rate_at_k,mrr_at_k,ndcg_at_k,average_retrieved_chunks,missing_context_rate,duplicate_chunk_rate,cross_company_contamination_rate,retrieval_answer_correlation,context_recall_overall_correlation,context_relevancy_overall_correlation
agentic_graph_rag,0.5158333333333334,0.74,0.04877251379841241,0.74,0.6177777777777778,0.6436339795424589,4.0,0.0,0.0,0.0,0.8265892859905647,0.7621279426007942,0.2505780093626429
agentic_rag,0.5158333333333334,0.74,0.04877251379841241,0.74,0.6177777777777778,0.6436339795424589,4.0,0.0,0.0,0.0,0.8288997327201467,0.7673658218588147,0.24663028247670407
traditional_rag,0.5158333333333334,0.74,0.04877251379841241,0.74,0.6177777777777778,0.6436339795424589,4.0,0.0,0.0,0.0,0.8340965279225834,0.7718169293530682,0.2497516239263096
