architecture,context_recall,faithfulness,answer_relevancy,policy_compliance,tone_appropriateness,success
agentic_graph_rag,0.74,0.7244666666666667,0.7579666666666666,0.8205666666666667,0.8831666666666667,1.0
agentic_rag,0.74,0.7226333333333333,0.7535666666666666,0.8151666666666667,0.8850666666666666,1.0
traditional_rag,0.74,0.7180333333333333,0.7578666666666666,0.8184333333333333,0.8840666666666668,1.0
