architecture,metric,n,mean,median,std,min,max,p25,p75,ci95_low,ci95_high
agentic_graph_rag,overall_score,300,0.7898854557410548,0.8185734183611124,0.10956336107640006,0.4890547939847509,0.9531404583366092,0.6984464797013838,0.8810993055776943,0.7773670223398004,0.8025044224413822
agentic_rag,overall_score,300,0.7893882335188326,0.8157861430451182,0.10953435241039926,0.4973881273180842,0.9538316285024481,0.6980350235864864,0.8835986411023878,0.7769031046001427,0.8019144414359349
traditional_rag,overall_score,300,0.7886493446299437,0.8157267644517274,0.1102615501279341,0.4973881273180842,0.9519293652468962,0.702872873478474,0.880580599707286,0.7759267335236898,0.8014028362108381
